{"cameraMode":{"drawMode":0,"name":"Shaded","section":"Shading Mode"},"sceneLighting":true,"audioPlay":false,"sceneViewState":{"showFog":true,"showMaterialUpdate":false,"showSkybox":true,"showFlares":true,"showImageEffects":true,"showParticleSystems":true},"in2DMode":false,"pivot":{"x":1.1579121351242066,"y":2.9961659908294679,"z":25.65288543701172},"rotation":{"x":0.0008983046864159405,"y":-0.996247410774231,"z":0.08629826456308365,"w":0.010151475667953492},"size":1.8708287477493287,"orthographic":false}